com.android.vending.BILLING,android.permission.SEND_SMS,android.permission.READ_PHONE_STATE,com.google.android.c2dm.permission.RECEIVE,android.permission.READ_EXTERNAL_STORAGE,com.google.android.c2dm.intent.RECEIVE,db,class
0,1,1,1,0,1,0,1
0,0,0,0,1,0,1,0
1,0,1,1,1,1,1,0
1,0,0,1,0,1,1,0
1,0,0,1,1,1,1,0
1,0,0,0,0,0,0,0
0,0,0,0,0,0,0,0
0,1,1,1,1,1,1,0
1,0,0,1,1,1,1,0
0,0,0,0,1,0,1,0
0,0,0,1,1,1,1,0
0,0,1,1,1,1,1,0
0,0,1,1,1,1,0,0
0,0,0,0,0,0,0,0
0,0,0,0,0,0,0,0
0,0,0,0,0,0,0,0
1,0,0,1,0,1,1,0
0,0,0,0,0,0,0,0
0,0,0,1,1,1,1,0
1,0,0,1,1,1,1,0
1,0,1,1,1,1,1,0
0,0,0,1,1,1,0,0
0,0,1,1,1,1,1,0
1,0,0,1,1,1,1,0
1,0,1,0,0,0,1,0
0,0,0,0,0,0,0,0
1,0,0,1,1,1,1,0
0,0,1,1,1,1,1,0
0,0,0,1,1,1,0,0
0,0,1,1,1,1,0,0
0,0,0,0,0,0,0,0
1,0,0,0,0,0,1,0
1,0,0,1,0,1,1,0
0,0,0,0,1,0,1,0
1,0,1,1,1,1,1,0
0,0,1,1,1,1,1,0
1,0,1,1,1,1,1,0
0,0,0,1,0,1,1,0
0,0,0,1,1,1,1,0
0,0,0,0,0,0,0,0
1,0,0,0,0,0,0,0
0,0,0,1,0,1,1,0
1,0,0,0,1,0,1,0
1,0,0,1,0,1,1,0
0,0,0,0,0,0,1,0
0,0,0,1,0,1,1,0
1,0,0,0,0,0,1,0
1,0,1,1,1,1,1,0
1,0,0,1,0,0,1,0
0,0,0,0,1,0,0,0
0,0,0,0,1,0,0,0
0,0,0,1,1,0,1,0
0,0,0,0,0,0,1,0
1,0,0,1,0,1,1,0
1,0,1,1,1,1,1,0
0,0,1,1,0,1,1,0
1,0,0,0,0,0,1,0
1,0,0,0,0,0,1,0
0,0,0,1,0,1,1,0
1,1,1,1,1,1,1,0
1,0,0,1,1,1,0,0
1,0,0,1,1,1,0,0
0,0,1,0,0,0,0,0
1,1,1,1,1,1,1,0
1,0,0,1,1,1,1,0
1,0,0,1,0,1,1,0
1,0,1,1,1,1,1,0
0,0,1,1,1,1,1,0
0,0,1,1,1,1,1,0
0,0,0,1,1,1,1,0
0,0,0,1,1,1,1,0
1,0,0,1,0,1,1,0
1,0,0,1,1,1,1,0
0,0,1,0,1,0,1,0
0,0,1,1,1,1,1,0
1,0,0,1,1,1,1,0
1,0,1,1,1,1,1,0
1,0,0,0,0,0,0,0
0,0,1,0,0,0,1,0
1,0,0,0,0,0,1,0
1,0,0,1,0,1,1,0
0,0,0,1,0,1,0,0
0,0,1,1,0,1,1,0
0,0,1,1,1,1,1,0
1,0,1,1,0,1,1,0
1,0,0,1,1,1,1,0
0,0,0,1,0,1,1,0
0,0,1,1,1,1,0,0
1,0,0,1,0,1,0,0
1,0,1,0,1,0,1,0
0,0,0,1,1,1,1,0
1,0,0,1,0,1,1,0
1,0,0,1,1,1,1,0
1,0,0,1,1,1,1,0
1,0,1,1,0,1,1,0
0,0,1,1,0,1,1,0
1,0,1,1,1,1,1,0
0,0,1,1,0,1,1,0
1,1,1,1,1,1,1,0
1,0,1,1,1,1,1,0
0,0,0,1,1,1,1,0
0,0,1,1,1,1,1,0
1,0,0,0,0,0,1,0
0,1,1,1,1,1,0,0
0,0,0,0,1,0,1,0
1,0,1,1,1,1,1,0
1,0,1,1,0,1,1,0
0,1,1,1,1,1,1,0
0,0,1,1,1,1,1,0
1,0,0,0,1,0,1,0
1,0,0,1,0,1,1,0
0,0,1,1,1,1,1,0
0,0,0,0,0,0,0,0
1,0,0,1,1,1,1,0
1,0,0,1,1,1,1,0
0,0,0,0,1,0,0,0
0,1,1,1,0,1,1,0
0,0,0,0,0,0,1,0
1,0,0,0,0,0,1,0
1,1,0,1,1,1,1,0
1,0,0,1,0,1,1,0
1,0,0,1,0,1,1,0
1,0,0,1,1,1,1,0
1,0,0,1,1,1,1,0
1,0,0,1,0,1,1,0
0,0,0,0,0,0,1,0
1,0,1,1,1,1,1,0
0,0,0,0,0,0,0,0
0,0,0,1,0,1,1,0
1,0,0,1,0,1,1,0
0,0,1,1,1,1,1,0
0,0,0,0,0,0,1,0
0,0,1,1,1,1,1,0
0,0,0,0,0,0,1,0
1,0,0,0,0,0,0,0
0,1,1,1,0,1,1,0
0,0,0,0,0,0,1,0
0,0,0,1,1,1,1,0
0,0,1,1,1,1,1,0
0,0,0,0,0,1,1,0
0,0,0,0,1,0,0,0
0,0,0,1,0,0,1,0
0,0,0,0,0,0,1,0
0,0,0,1,0,1,1,0
1,0,0,0,0,0,1,0
0,0,0,0,0,0,1,0
1,0,0,0,0,0,1,0
0,0,1,1,1,1,1,0
1,0,1,0,0,0,1,0
1,0,0,1,1,1,1,0
0,0,1,0,1,0,1,0
0,0,1,1,1,1,1,0
0,0,1,0,1,0,0,0
1,0,0,1,1,1,1,0
0,0,0,0,0,0,1,0
1,0,0,1,0,1,1,0
0,0,1,1,0,1,1,0
1,0,0,1,0,1,1,0
1,0,0,0,0,0,1,0
0,0,0,1,0,1,1,0
1,1,1,1,0,1,1,0
0,0,1,1,1,1,1,0
0,0,1,1,0,1,0,0
0,0,0,1,0,1,1,0
0,0,0,0,1,0,0,0
0,0,1,1,0,1,1,0
0,0,0,0,0,0,0,0
1,0,0,1,1,1,1,0
0,0,0,0,0,0,0,0
1,0,0,0,1,0,1,0
1,0,0,1,0,1,1,0
0,0,1,1,1,1,1,0
0,0,0,0,0,0,1,0
1,0,1,1,1,1,1,0
1,0,1,1,1,1,1,0
1,0,1,1,1,1,1,0
1,0,1,1,1,1,1,0
0,0,0,1,1,1,1,0
1,0,1,0,0,0,1,0
1,0,1,1,1,1,1,0
1,0,1,0,0,0,1,0
1,0,0,0,0,0,1,0
0,0,0,1,1,1,1,0
0,0,0,1,1,1,1,0
1,0,1,0,0,0,0,0
1,0,0,1,0,1,1,0
0,0,1,1,1,1,1,0
0,0,0,1,0,1,1,0
0,0,0,1,0,1,1,0
1,0,0,1,1,1,1,0
1,0,0,1,0,1,1,0
0,1,1,1,1,1,1,0
1,0,0,0,0,0,1,0
0,0,0,1,0,1,1,0
1,0,0,0,1,0,1,0
0,0,0,1,1,1,1,0
0,0,0,0,1,0,1,0
0,0,0,1,0,1,1,0
0,0,0,0,0,0,1,0
0,0,0,1,1,1,1,0
0,0,0,0,0,0,1,0
1,0,1,1,1,1,1,0
1,0,0,0,0,0,1,0
1,0,1,1,1,1,1,0
1,0,0,0,0,0,0,0
1,0,0,1,1,1,1,0
1,0,0,1,0,1,1,0
1,0,0,1,1,1,1,0
1,0,0,0,0,0,0,0
1,0,0,1,1,1,1,0
1,0,1,1,1,1,1,0
0,1,1,1,1,1,1,0
0,0,0,1,1,1,1,0
0,0,0,1,1,1,1,0
1,0,0,1,1,1,1,0
0,1,1,1,1,1,1,0
0,1,1,1,1,1,1,0
1,0,0,1,1,1,1,0
0,0,1,1,1,1,1,0
1,0,0,1,1,1,1,0
0,0,0,1,0,1,1,0
1,1,1,0,1,0,1,0
1,0,1,1,1,1,1,0
1,0,0,1,1,1,1,0
0,0,0,0,1,0,0,0
1,0,1,1,1,1,1,0
1,0,1,1,0,1,1,0
1,0,0,1,1,1,1,0
1,0,1,1,1,1,0,0
1,0,0,0,0,0,1,0
0,0,0,1,1,1,0,0
1,0,1,1,1,1,1,0
1,0,0,1,0,1,1,0
0,1,1,1,1,1,1,0
0,0,0,1,1,1,1,0
0,0,1,1,1,1,1,0
0,0,1,1,1,1,1,0
0,0,1,1,1,1,1,0
0,0,0,1,0,1,1,0
1,0,0,0,0,0,1,0
0,0,0,0,0,0,0,0
1,0,1,1,0,1,0,0
1,0,1,1,0,1,1,0
1,0,0,1,1,1,1,0
0,0,0,1,1,1,1,0
0,0,1,1,0,1,0,0
0,0,0,0,0,0,1,0
0,0,0,0,0,0,0,0
0,0,0,0,0,0,0,0
0,0,0,0,0,0,0,0
0,0,0,0,0,0,0,0
0,0,0,0,0,0,0,0
0,0,1,0,0,0,1,0
1,1,1,0,0,0,1,0
0,0,0,0,1,0,1,0
0,0,0,0,0,0,0,0
0,0,0,1,0,1,1,0
1,0,0,0,0,0,0,0
1,0,0,0,1,0,0,0
0,0,0,1,0,1,0,0
0,0,0,0,0,0,1,0
0,0,1,0,0,0,0,0
0,0,1,0,1,0,0,0
0,0,0,0,0,0,0,0
1,0,1,0,0,0,1,0
1,0,0,0,0,0,1,0
0,0,0,1,0,1,1,0
0,0,0,1,1,1,1,0
0,0,1,1,1,1,1,0
0,0,0,1,1,1,1,0
0,0,0,1,0,1,1,0
1,0,1,1,1,1,1,0
1,0,1,1,1,1,1,0
0,0,1,0,1,0,1,0
1,0,1,0,1,0,1,0
0,0,0,1,1,1,1,0
0,0,0,1,0,1,1,0
0,0,0,0,0,0,1,0
1,0,0,1,0,1,1,0
1,0,0,1,1,1,1,0
0,0,0,1,1,1,1,0
0,0,0,0,1,0,1,0
1,0,1,1,1,1,1,0
0,0,1,1,1,1,1,0
1,0,0,1,1,1,1,0
0,0,0,1,1,1,1,0
0,0,1,0,1,0,1,0
0,0,1,1,1,1,1,0
0,1,1,1,1,1,1,0
1,0,0,1,0,1,1,0
0,0,0,1,0,1,1,0
0,0,0,0,0,0,1,0
0,1,1,1,1,1,1,0
1,0,0,0,0,0,0,0
1,0,0,1,1,1,1,0
1,0,0,1,0,1,1,0
0,0,0,1,1,1,1,0
0,0,0,1,0,1,1,0
1,0,0,0,0,0,1,0
1,0,0,1,1,1,1,0
1,0,0,1,1,1,1,0
1,0,0,1,1,1,1,0
1,0,0,1,1,1,1,0
0,0,1,1,1,1,1,0
1,0,1,1,0,1,1,0
0,1,0,0,1,0,0,0
0,0,0,0,1,0,1,0
0,1,1,0,0,0,1,0
1,0,0,1,0,1,1,0
0,0,0,0,0,0,0,0
0,0,0,1,0,1,1,0
0,0,0,0,0,0,1,0
1,0,0,0,0,0,0,0
0,1,1,1,1,1,1,0
0,0,1,1,1,1,1,0
1,0,1,1,1,1,0,0
0,0,0,1,0,1,1,0
0,0,0,0,0,0,1,0
0,0,1,1,0,1,1,0
1,0,1,1,1,1,1,0
1,0,0,1,0,1,1,0
0,0,1,1,1,1,1,0
0,0,0,1,1,1,1,0
1,0,1,1,1,1,1,0
0,0,0,1,1,1,1,0
1,0,0,1,0,1,1,0
1,0,1,1,0,1,1,0
0,0,1,1,1,1,0,0
1,0,0,0,0,0,0,0
0,0,1,0,1,0,1,0
1,0,0,1,1,1,1,0
1,0,0,1,1,1,1,0
1,0,1,1,0,1,1,0
0,0,1,0,1,0,0,0
1,0,1,1,0,1,1,0
0,0,0,1,1,1,1,0
1,0,0,1,1,1,1,0
0,0,0,0,0,0,0,0
1,1,1,0,0,0,1,0
0,0,0,1,1,1,1,0
1,0,1,1,1,1,1,0
0,0,1,1,0,1,1,0
1,0,0,1,1,1,1,0
0,0,1,1,0,1,1,0
0,0,1,1,1,1,1,0
1,0,1,1,1,1,1,0
0,0,0,1,1,1,1,0
0,0,0,1,1,1,1,0
1,1,1,1,0,1,1,0
0,0,0,1,0,1,1,0
0,0,0,1,1,1,1,0
0,0,0,0,1,0,1,0
1,0,0,1,1,1,1,0
0,0,1,1,1,1,1,0
0,0,0,1,1,1,1,0
1,0,0,1,0,1,1,0
1,0,0,1,1,1,1,0
0,0,0,0,0,0,0,0
0,0,0,1,1,1,1,0
1,0,0,0,0,0,0,0
0,0,0,1,1,1,1,0
1,0,0,1,1,1,1,0
0,0,0,1,0,1,1,0
0,0,1,1,1,1,0,0
0,0,1,1,1,1,1,0
0,0,1,1,1,1,0,0
1,1,1,1,1,1,1,0
0,0,0,0,0,0,0,0
0,0,0,0,0,0,0,0
0,0,1,1,1,1,1,0
0,0,0,1,1,1,1,0
0,0,1,1,1,1,1,0
0,1,1,1,1,1,1,0
0,0,0,1,1,1,1,0
1,0,0,1,1,1,1,0
0,0,1,1,1,1,0,0
0,0,0,0,0,0,1,0
0,0,0,0,1,0,0,0
1,0,0,0,0,0,1,0
1,1,1,1,0,1,1,0
0,1,1,1,1,1,1,0
0,0,1,1,1,1,1,0
1,0,1,1,1,1,1,0
1,0,0,1,1,1,1,0
0,0,1,1,1,1,1,0
1,0,0,1,0,1,1,0
1,0,0,1,1,1,1,0
0,0,0,0,0,0,1,0
1,0,1,0,0,0,0,0
0,0,0,1,0,1,1,0
0,0,0,0,0,0,1,0
1,0,0,1,1,1,1,0
1,0,0,1,1,1,1,0
1,0,0,1,1,1,1,0
1,0,0,1,0,1,1,0
0,0,1,1,1,1,1,0
0,1,1,1,1,1,1,0
0,0,0,0,0,0,0,0
0,0,0,0,0,0,0,0
0,0,1,1,1,1,1,0
1,0,1,0,0,0,0,0
1,0,0,1,1,1,1,0
1,0,1,1,0,1,0,0
0,0,0,1,0,1,1,0
1,0,0,1,0,1,1,0
0,0,1,1,1,1,1,0
0,0,0,1,0,1,1,0
1,0,0,0,0,0,0,0
0,0,0,1,1,1,1,0
0,0,0,1,1,1,1,0
1,0,0,1,0,1,1,0
0,0,1,1,1,1,1,0
1,0,0,1,0,1,1,0
1,0,0,1,1,1,1,0
0,0,0,1,0,1,1,0
0,0,0,1,0,1,1,0
0,0,0,1,1,1,1,0
1,0,0,1,1,0,1,0
0,0,0,0,0,0,1,0
1,0,1,1,0,1,1,0
1,0,0,1,1,1,1,0
0,0,0,1,1,1,1,0
0,0,0,0,1,0,1,0
1,0,0,1,1,1,1,0
1,0,0,0,0,0,1,0
0,0,1,0,0,0,0,0
1,0,0,0,0,0,1,0
0,0,0,1,1,1,1,0
0,1,1,1,1,1,1,0
1,0,1,1,1,1,1,0
0,0,1,1,1,1,0,0
1,0,0,1,1,1,1,0
0,0,1,1,0,1,1,0
0,0,0,0,0,0,0,0
0,0,0,0,0,0,0,0
0,0,0,1,0,1,1,0
0,0,0,1,1,1,1,0
1,0,0,1,0,1,1,0
0,0,0,1,0,1,0,0
0,0,0,0,1,0,0,0
1,0,1,1,1,1,1,0
1,0,0,1,0,1,1,0
1,0,0,1,1,1,1,0
0,0,0,0,1,0,1,0
0,0,0,1,0,1,1,0
0,0,0,1,0,0,1,0
1,0,1,0,1,0,1,0
1,0,1,0,1,0,1,0
1,0,0,1,1,1,1,0
1,0,1,1,1,1,1,0
0,0,0,1,0,1,0,0
1,0,1,1,1,1,1,0
0,1,1,1,1,1,1,0
0,0,0,0,0,0,0,0
0,0,0,1,0,1,1,0
1,0,0,1,0,1,1,0
1,0,0,1,0,1,1,0
0,0,0,0,0,0,1,0
0,0,1,1,0,1,1,0
0,0,0,0,0,0,1,0
0,1,1,1,1,1,1,0
1,0,0,1,1,1,1,0
0,0,1,1,1,1,1,0
1,0,0,1,1,1,1,0
0,0,0,0,0,0,0,0
1,0,0,0,1,0,1,0
0,0,0,0,0,0,1,0
0,0,0,0,1,0,0,0
0,0,0,0,0,0,0,0
0,0,0,1,1,1,1,0
0,0,1,1,1,1,1,0
0,0,0,1,1,1,1,0
0,0,1,1,1,1,1,0
0,0,0,0,1,0,0,0
0,0,1,0,0,0,1,0
0,1,1,0,0,0,1,0
1,0,0,1,1,1,1,0
0,0,1,1,0,1,1,0
1,0,1,0,0,0,1,0
0,0,1,1,1,1,1,0
1,0,1,0,1,0,1,0
0,0,1,1,0,1,1,0
0,0,0,1,0,1,1,0
0,0,0,0,1,0,0,0
1,0,0,0,1,0,1,0
1,0,0,1,1,1,1,0
0,0,1,1,1,1,1,0
1,0,0,1,0,1,1,0
1,0,0,1,1,1,1,0
1,0,0,1,1,1,1,0
1,0,0,1,0,1,1,0
1,0,0,1,1,1,1,0
0,0,1,1,1,1,1,0
0,0,0,0,0,0,0,0
0,0,0,1,1,1,1,0
1,0,1,1,0,1,1,0
1,0,0,1,0,1,1,0
1,0,0,1,1,1,1,0
1,0,1,1,1,1,1,0
1,1,1,1,1,1,1,0
0,0,0,1,0,1,1,0
0,0,0,0,0,0,0,0
0,0,0,0,0,0,0,0
0,0,0,0,0,0,1,0
0,0,0,0,0,0,0,0
0,0,0,0,0,0,1,0
0,0,0,0,0,0,0,0
0,0,0,0,0,0,0,0
0,0,0,0,0,0,0,0
0,0,0,0,0,0,0,0
0,0,0,0,0,0,1,0
0,0,1,0,0,0,0,0
0,0,0,0,0,0,0,0
0,0,0,0,0,0,0,0
0,0,0,0,0,0,0,0
0,0,0,0,0,0,0,0
0,0,0,0,0,0,0,0
0,0,0,0,0,0,0,0
0,0,0,0,0,0,0,0
0,0,0,0,0,0,0,0
0,0,0,0,0,0,1,0
0,0,1,0,0,0,0,0
0,0,1,0,0,0,1,0
0,0,1,0,0,0,0,0
0,0,0,0,0,0,0,0
0,0,0,0,0,0,0,0
0,0,0,0,0,0,0,0
0,0,1,0,1,0,0,1
0,0,1,0,0,0,0,1
0,1,1,0,0,0,1,1
0,0,1,0,0,0,1,1
0,0,1,1,0,1,0,1
0,0,1,0,0,0,0,1
0,1,1,0,1,0,1,1
0,1,1,0,1,0,1,1
0,1,1,0,1,0,1,1
0,1,1,0,1,0,1,1
0,1,0,0,0,0,1,1
0,0,1,0,0,0,0,1
0,1,1,0,0,0,0,1
0,1,1,0,0,0,1,1
0,0,1,0,0,0,0,1
0,0,1,0,0,0,0,1
0,1,1,0,1,0,0,1
0,1,1,0,1,0,0,1
0,1,1,1,0,1,1,1
0,0,1,0,0,0,0,1
0,0,1,0,1,0,0,1
0,0,1,0,0,0,1,1
0,1,1,0,0,0,0,1
0,1,1,0,0,0,0,1
0,1,1,0,0,0,0,1
0,1,1,0,0,0,0,1
0,0,1,0,0,0,1,1
0,1,1,0,0,0,0,1
0,0,1,0,0,0,0,1
0,1,0,0,0,0,0,1
0,1,1,0,1,0,0,1
0,1,1,0,0,0,0,1
0,0,1,0,0,0,1,1
0,0,1,0,0,0,1,1
0,0,0,0,0,0,0,1
0,1,1,0,0,0,0,1
0,0,1,0,0,0,1,1
0,0,0,0,0,0,0,1
0,0,1,0,0,0,1,1
0,1,1,0,0,0,1,1
0,0,1,0,1,0,1,1
0,1,1,0,1,0,1,1
0,0,1,0,0,0,0,1
0,1,1,0,1,0,1,1
0,1,1,0,1,0,1,1
0,1,1,0,1,0,1,1
0,1,1,0,0,0,0,1
0,1,1,0,1,0,1,1
0,1,1,0,0,0,1,1
0,0,1,0,0,0,1,1
0,1,1,0,0,0,1,1
0,0,1,0,0,0,0,1
0,1,1,0,0,0,1,1
0,1,1,0,0,0,1,1
0,1,1,0,1,0,1,1
0,0,1,0,0,0,1,1
0,1,1,0,1,0,1,1
0,1,1,0,0,0,0,1
0,1,1,1,0,1,0,1
0,1,1,0,0,0,0,1
0,1,1,0,0,0,0,1
0,0,1,0,1,0,0,1
0,0,1,0,0,0,1,1
0,0,1,0,0,0,0,1
0,0,1,0,0,0,1,1
0,0,1,0,1,0,1,1
0,0,1,0,0,0,1,1
0,0,1,0,0,0,0,1
0,1,0,0,0,0,0,1
0,1,0,0,0,0,0,1
0,1,1,0,0,0,0,1
0,1,1,0,0,0,1,1
0,1,1,1,0,1,0,1
0,1,1,0,0,0,0,1
0,0,1,0,0,0,1,1
0,0,1,0,0,0,0,1
0,1,1,0,0,0,0,1
0,0,1,0,1,0,0,1
0,0,1,0,0,0,0,1
0,1,1,0,0,0,0,1
0,0,1,0,0,0,0,1
0,1,1,1,0,1,0,1
0,0,1,0,0,0,0,1
0,1,1,0,0,0,0,1
0,0,1,0,0,0,0,1
0,0,1,0,0,0,0,1
0,1,0,0,0,0,0,1
0,0,1,0,1,0,0,1
0,0,1,0,0,0,0,1
0,0,1,0,0,0,0,1
0,1,1,0,1,0,1,1
0,0,1,0,0,0,0,1
0,1,1,1,0,1,0,1
0,0,1,0,0,0,0,1
0,1,1,0,0,0,0,1
0,0,1,0,0,0,1,1
0,0,1,0,0,0,1,1
0,0,1,0,1,0,0,1
0,0,1,0,1,0,0,1
0,1,1,0,0,0,1,1
0,1,1,0,1,0,1,1
0,1,1,1,1,1,1,1
0,1,1,0,0,0,0,1
0,1,1,0,0,0,0,1
0,1,1,0,0,0,0,1
0,1,1,1,0,1,0,1
0,0,1,0,0,0,0,1
0,1,1,0,0,0,0,1
0,1,1,0,0,0,0,1
0,1,1,0,0,0,0,1
0,1,1,0,0,0,0,1
0,0,1,0,1,0,1,1
0,1,1,0,1,0,1,1
0,1,1,0,1,0,1,1
0,1,1,0,0,0,0,1
0,0,0,0,0,0,0,1
0,0,1,0,1,0,0,1
0,1,1,0,1,0,0,1
0,1,1,0,0,0,0,1
0,1,0,0,0,0,0,1
0,0,1,0,0,0,0,1
0,0,1,0,0,0,0,1
0,0,1,0,1,0,0,1
0,0,1,0,0,0,0,1
0,1,1,0,1,0,1,1
0,1,1,0,1,0,1,1
0,1,1,0,0,0,0,1
0,1,1,0,0,0,0,1
0,1,1,0,0,0,0,1
0,1,1,0,0,0,1,1
0,0,0,0,0,0,0,1
0,0,1,0,0,0,1,1
0,0,0,1,0,1,0,1
0,0,0,0,0,0,0,1
0,0,1,0,1,0,0,1
0,0,1,0,0,0,1,1
0,1,1,0,1,0,1,1
0,0,1,0,1,0,1,1
0,1,1,0,0,0,0,1
0,1,0,0,0,0,0,1
0,1,1,0,0,0,0,1
0,0,0,1,0,1,0,1
0,1,1,0,0,0,1,1
0,0,1,0,0,0,1,1
0,0,0,0,0,0,0,1
0,1,1,0,1,0,1,1
0,0,1,0,0,0,0,1
0,0,1,0,1,0,0,1
0,0,1,0,0,0,1,1
0,0,1,0,1,0,0,1
0,1,0,0,0,0,0,1
0,0,0,0,0,0,0,1
0,1,1,1,0,1,0,1
0,0,1,0,0,0,1,1
0,0,1,0,0,0,1,1
0,0,1,0,0,0,0,1
0,0,1,0,0,0,0,1
0,0,1,0,0,0,0,1
0,1,1,0,1,0,1,1
0,0,1,1,0,1,1,1
0,0,0,0,0,0,1,1
0,0,1,0,1,0,0,1
0,1,0,0,0,0,0,1
0,1,1,0,0,0,0,1
0,0,1,0,0,0,0,1
0,0,1,0,0,0,0,1
0,0,1,0,0,0,0,1
0,1,1,1,0,1,0,1
0,0,1,0,1,0,0,1
0,0,1,0,0,0,0,1
0,0,1,0,0,0,0,1
0,0,1,1,1,1,1,1
0,1,1,0,0,0,0,1
0,1,1,0,0,0,0,1
0,0,1,0,0,0,0,1
0,1,1,0,0,0,1,1
0,0,1,0,0,0,0,1
0,0,1,0,0,0,0,1
0,0,1,0,0,0,0,1
1,0,1,0,0,0,1,1
0,1,0,0,0,0,0,1
0,1,0,0,0,0,0,1
0,1,1,0,0,0,0,1
0,0,1,0,0,0,0,1
0,1,1,0,0,0,0,1
0,0,1,0,1,0,0,1
0,1,1,0,0,0,0,1
0,1,1,1,0,1,0,1
0,1,1,0,0,0,1,1
0,1,1,0,0,0,1,1
0,1,1,0,0,0,0,1
0,0,1,0,0,0,0,1
0,0,1,0,0,0,0,1
0,0,1,0,1,0,0,1
0,0,1,0,0,0,1,1
0,1,0,0,0,0,0,1
0,1,0,0,0,0,0,1
0,0,1,0,0,0,0,1
0,0,1,0,0,0,1,1
0,1,1,0,1,0,0,1
0,1,1,0,0,0,1,1
0,0,1,0,0,0,1,1
0,1,1,0,1,0,1,1
0,0,1,0,0,0,1,1
0,0,1,1,1,0,1,1
0,0,1,0,0,0,1,1
0,1,0,0,0,0,0,1
0,0,1,0,1,0,0,1
0,0,1,0,1,0,0,1
0,0,1,0,0,0,0,1
0,0,1,0,0,0,1,1
0,1,1,0,0,0,0,1
0,1,1,0,0,0,0,1
0,0,1,0,0,0,0,1
0,0,1,0,0,0,1,1
0,1,1,0,0,0,0,1
0,1,1,0,0,0,1,1
0,0,1,0,1,0,0,1
0,0,0,0,0,0,0,1
0,0,1,0,0,0,1,1
0,0,1,0,0,0,0,1
0,0,1,0,0,0,1,1
0,0,1,0,0,0,0,1
0,0,0,0,0,0,0,1
0,0,0,0,0,0,0,1
0,1,1,0,0,0,0,1
0,0,1,0,1,0,1,1
0,1,1,0,0,0,1,1
0,1,0,0,0,0,0,1
0,0,0,0,0,0,0,1
0,0,1,0,0,0,0,1
0,0,1,0,0,0,1,1
0,1,1,0,0,0,1,1
0,0,1,0,0,0,0,1
0,1,0,0,0,0,0,1
0,1,1,0,1,0,0,1
0,1,1,0,0,0,0,1
0,0,1,0,0,0,1,1
1,0,1,0,0,0,1,1
0,1,1,0,1,0,1,1
0,1,1,1,0,1,0,1
0,1,1,1,0,1,0,1
0,1,1,0,0,0,1,1
0,1,1,0,0,0,0,1
0,1,1,0,0,0,0,1
0,1,1,0,0,0,0,1
0,1,1,0,1,0,1,1
0,1,1,1,0,1,0,1
0,0,1,0,0,0,1,1
0,1,1,0,0,0,0,1
0,0,1,1,1,1,1,1
0,0,1,0,1,0,0,1
0,1,0,0,0,0,0,1
0,0,0,0,0,0,0,1
0,0,1,0,0,0,1,1
0,1,1,0,0,0,0,1
0,0,1,0,0,0,0,1
0,0,1,0,0,0,1,1
0,1,1,0,1,0,1,1
0,1,1,0,0,0,0,1
0,0,1,0,1,0,0,1
0,0,1,0,0,0,1,1
0,0,1,0,0,0,1,1
0,1,0,0,0,0,0,1
0,1,1,0,0,0,0,1
0,1,1,0,0,0,0,1
0,1,1,0,0,0,0,1
0,1,0,0,0,0,0,1
0,1,1,0,0,0,0,1
0,1,1,0,0,0,1,1
0,0,1,0,0,0,1,1
0,0,1,0,1,0,1,1
0,0,1,0,0,0,1,1
0,0,1,0,0,0,1,1
0,1,1,0,0,0,0,1
0,0,1,0,0,0,0,1
0,0,1,0,0,0,0,1
0,1,1,0,0,0,0,1
0,1,1,1,1,1,1,1
0,0,1,0,1,0,1,1
0,0,1,0,0,0,1,1
0,0,1,0,1,0,1,1
0,1,1,0,1,0,1,1
0,1,1,0,1,0,0,1
0,0,0,0,0,0,1,1
1,0,1,0,0,0,1,1
0,1,0,0,0,0,0,1
0,1,1,0,0,0,1,1
0,0,1,0,0,0,1,1
0,1,1,0,0,0,0,1
0,1,1,0,0,0,0,1
0,1,1,0,1,0,0,1
0,0,1,0,1,0,0,1
0,1,1,0,0,0,0,1
0,0,1,0,0,0,1,1
0,1,1,0,1,0,1,1
0,0,1,0,1,0,0,1
0,1,1,0,0,0,0,1
0,1,1,0,1,0,0,1
0,1,1,0,0,0,0,1
0,1,1,0,0,0,0,1
0,1,1,1,0,1,0,1
0,0,1,0,0,0,1,1
0,1,1,0,0,0,0,1
0,0,1,0,0,0,0,1
0,0,1,0,1,0,1,1
0,0,1,0,0,0,1,1
0,1,1,0,1,0,1,1
0,0,1,0,0,0,1,1
0,1,1,0,0,0,0,1
0,0,1,0,0,0,0,1
0,0,0,0,0,0,0,1
0,0,0,0,0,0,0,1
0,0,1,0,1,0,1,1
0,0,1,0,0,0,0,1
0,0,1,0,0,0,1,1
0,1,1,0,0,0,0,1
0,0,1,0,0,0,1,1
0,0,1,0,0,0,1,1
0,0,0,0,1,0,0,1
0,0,1,0,1,0,0,1
0,1,1,0,0,0,0,1
0,1,1,0,0,0,0,1
0,0,1,0,0,0,1,1
0,0,0,0,0,0,0,1
0,0,1,0,0,0,0,1
0,0,1,0,0,0,1,1
0,0,0,1,1,0,1,1
1,0,1,0,0,0,1,1
0,0,0,0,0,0,1,1
0,1,1,0,0,0,0,1
0,1,1,0,0,0,0,1
0,1,1,0,0,0,0,1
0,0,1,0,0,0,0,1
0,0,1,0,0,0,0,1
0,1,0,0,0,0,0,1
0,1,1,0,0,0,0,1
0,0,1,0,0,0,1,1
0,0,1,0,0,0,0,1
0,0,1,0,0,0,0,1
0,1,1,0,0,0,0,1
0,0,1,0,1,0,1,1
0,1,1,0,0,0,0,1
0,1,1,0,0,0,0,1
0,1,1,0,0,0,0,1
0,1,1,0,0,0,0,1
0,0,0,0,0,0,0,1
0,0,1,0,0,0,1,1
0,0,1,0,0,0,0,1
0,1,1,0,1,0,0,1
0,0,1,0,0,0,0,1
0,1,1,0,0,0,0,1
0,0,1,0,1,0,1,1
0,0,1,0,0,0,1,1
0,0,0,0,0,0,0,1
0,1,1,0,0,0,0,1
0,1,1,0,0,0,0,1
0,0,0,0,0,0,0,1
0,1,1,1,0,1,0,1
0,0,1,0,0,0,0,1
0,1,1,0,0,0,1,1
0,0,1,0,0,0,0,1
0,1,1,0,0,0,1,1
0,1,1,1,0,1,0,1
0,1,1,0,1,0,1,1
0,0,1,0,1,0,1,1
0,0,0,0,0,0,0,1
0,1,0,0,0,0,0,1
0,0,1,0,1,0,0,1
0,1,1,0,0,0,1,1
0,0,1,1,0,1,0,1
0,0,1,0,0,0,0,1
0,0,1,0,0,0,0,1
0,0,1,0,0,0,0,1
0,0,1,0,1,0,0,1
0,1,1,0,1,0,1,1
0,1,1,0,1,0,1,1
0,0,1,0,0,0,0,1
0,0,1,0,1,0,0,1
0,0,1,0,0,0,0,1
0,0,1,0,0,0,1,1
0,1,1,0,0,0,0,1
0,0,1,0,0,0,0,1
0,0,1,0,0,0,0,1
0,1,1,0,0,0,0,1
0,1,1,0,0,0,0,1
0,1,1,0,0,0,0,1
0,1,1,0,0,0,0,1
0,0,1,0,1,0,1,1
0,0,0,0,0,0,0,1
0,0,0,0,0,0,0,1
0,0,0,0,0,0,0,1
0,1,1,0,0,0,0,1
0,1,1,0,0,0,0,1
0,1,1,0,0,0,0,1
0,1,1,0,0,0,0,1
0,1,1,0,0,0,0,1
0,1,1,0,0,0,0,1
0,1,1,0,0,0,0,1
0,0,0,1,1,1,1,1
0,1,0,0,0,0,0,1
0,1,1,0,0,0,0,1
0,0,0,0,0,0,0,1
0,1,1,0,1,0,1,1
0,0,0,1,0,1,0,1
0,0,1,0,1,0,0,1
0,0,1,0,1,0,0,1
0,0,1,0,0,0,1,1
0,0,1,0,1,0,0,1
1,1,1,1,1,1,1,1
1,0,0,0,0,0,0,1
1,0,0,1,1,1,1,1
0,0,0,0,0,0,0,1
0,1,1,1,0,1,0,1
1,0,0,0,0,0,0,1
0,0,0,0,0,0,0,1
0,0,1,0,0,0,1,1
0,1,1,0,0,0,0,1
0,1,1,0,0,0,0,1
0,0,1,0,0,0,1,1
0,0,1,0,0,0,0,1
0,0,1,0,0,0,0,1
0,1,1,0,1,0,1,1
0,0,1,0,1,0,0,1
0,1,1,0,0,0,0,1
0,0,1,0,0,0,0,1
0,0,1,0,0,0,1,1
0,0,1,0,0,0,0,1
0,1,1,0,0,0,0,1
0,1,1,0,0,0,1,1
0,1,1,0,0,0,0,1
0,0,1,0,0,0,0,1
0,0,1,0,0,0,1,1
0,1,1,0,1,0,1,1
0,1,1,0,1,0,1,1
0,0,1,0,0,0,0,1
0,1,1,0,1,0,0,1
0,0,1,0,1,0,0,1
0,1,0,0,0,0,0,1
0,0,1,0,0,0,0,1
0,1,1,0,0,0,0,1
0,0,1,0,0,0,0,1
0,0,1,0,0,0,1,1
0,0,1,0,0,0,1,1
0,0,1,0,0,0,1,1
0,1,1,0,1,0,1,1
0,0,1,0,1,0,1,1
0,0,1,0,0,0,0,1
0,0,1,0,0,0,0,1
0,0,1,0,0,0,1,1
0,0,1,0,0,0,0,1
0,1,1,0,0,0,0,1
0,1,1,0,0,0,0,1
0,0,1,0,0,0,0,1
0,0,1,0,0,0,1,1
0,1,1,0,1,0,1,1
0,1,1,0,1,0,1,1
0,1,1,0,1,0,1,1
0,0,1,0,1,0,1,1
0,1,1,0,0,0,0,1
0,1,1,1,0,1,0,1
0,0,1,0,0,0,1,1
0,1,1,0,0,0,0,1
0,0,1,0,0,0,0,1
0,1,1,0,0,0,0,1
0,1,1,0,0,0,0,1
0,0,1,0,0,0,0,1
0,0,1,0,1,0,1,1
0,0,1,0,0,0,0,1
0,0,1,0,1,0,1,1
0,0,1,0,1,0,1,1
0,0,0,0,0,0,0,1
0,0,1,0,0,0,0,1
0,1,1,0,0,0,0,1
0,0,1,0,0,0,0,1
0,1,0,0,0,0,0,1
0,0,1,0,0,0,1,1
0,0,1,0,0,0,0,1
0,0,1,0,0,0,0,1
0,1,1,0,0,0,1,1
0,1,1,0,0,0,1,1
0,1,0,0,0,0,0,1
0,1,1,0,0,0,0,1
0,0,1,0,1,0,0,1
0,1,1,0,0,0,0,1
0,1,1,0,0,0,0,1
0,0,1,0,0,0,0,1
0,1,1,0,0,0,0,1
0,1,1,0,0,0,0,1
0,0,0,0,0,0,0,1
0,1,1,0,1,0,0,1
0,0,0,0,0,0,0,1
0,0,1,0,1,0,1,1
0,1,1,1,0,1,0,1
0,0,0,0,0,0,0,1
0,1,0,0,0,0,0,1
0,1,1,0,0,0,0,1
0,0,0,0,0,0,0,1
0,1,1,0,0,0,0,1
0,0,1,0,1,0,1,1
0,1,1,0,1,0,1,1
0,0,1,0,0,0,1,1
1,0,0,1,0,1,1,1
0,1,1,0,0,0,0,1
0,0,0,0,0,0,0,0
0,1,1,0,1,0,0,1
0,1,1,0,1,0,0,1
0,1,1,0,0,0,0,1
0,1,1,0,1,0,0,1
0,1,1,0,0,0,0,1
0,1,1,0,0,0,0,1
0,1,1,1,0,1,0,1
0,1,1,0,0,0,0,1
0,1,1,1,0,1,0,1
0,1,1,0,0,0,0,1
0,1,1,0,1,0,0,1
0,1,1,0,1,0,0,1
0,1,1,0,0,0,0,1
0,1,1,0,1,0,0,1
0,1,1,0,0,0,0,1
0,1,1,0,0,0,0,1
0,1,1,0,0,0,0,1
0,1,1,0,0,0,0,1
0,0,0,0,0,0,0,0
0,0,0,0,0,0,0,0
0,0,0,0,0,0,0,0
0,0,0,0,0,0,0,0
0,0,1,0,0,0,0,0
0,0,0,0,0,0,0,0
0,0,0,0,0,0,0,0
0,0,0,0,0,0,0,0
0,0,0,0,0,0,0,0
0,0,0,0,0,0,0,0
0,0,0,0,0,0,0,0
0,0,0,0,0,0,0,0
0,0,0,0,0,0,0,1
0,1,1,0,1,0,0,1
0,1,1,0,1,0,0,1
0,1,1,0,1,0,0,1
0,1,1,0,1,0,0,1
0,1,1,0,1,0,0,1
0,1,1,0,1,0,0,1
0,0,1,0,0,0,0,1
0,0,1,0,1,0,0,1
0,0,1,0,0,0,0,1
0,1,1,1,1,0,0,1
0,1,1,0,0,0,0,1
0,0,0,0,0,0,0,1
0,0,0,1,0,1,0,0
1,0,1,1,0,1,0,0
0,0,0,0,0,0,0,0
0,0,0,0,0,0,0,1
0,0,0,0,0,0,0,1
0,0,1,0,0,0,1,1
0,0,1,0,0,0,0,1
0,0,0,0,0,0,0,1
0,0,0,0,0,0,0,1
0,0,0,1,0,1,1,1
0,1,1,0,1,0,0,1
0,0,1,0,1,0,0,1
0,1,1,0,1,0,0,1
0,1,1,0,0,0,0,1
0,1,1,0,1,0,0,1
0,0,0,0,0,0,0,1
0,0,1,1,0,1,0,1
0,0,1,0,0,0,1,1
0,0,0,0,0,0,0,0
0,0,0,0,0,0,0,0
0,0,1,0,0,0,0,0
0,0,0,0,0,0,0,0
0,0,0,1,0,1,1,0
0,0,1,1,1,1,1,0
0,0,0,1,1,1,0,0
0,0,0,1,1,1,1,0
0,0,0,0,0,0,1,0
0,0,1,1,1,1,1,0
0,0,0,1,1,1,1,0
0,0,0,1,0,1,1,0
1,0,0,1,1,1,1,0
1,0,1,1,0,1,1,0
0,0,0,1,0,1,1,0
1,0,0,1,1,1,1,0
0,0,0,1,0,1,1,0
